<?xml version="1.0" encoding="UTF-8"?>
<project-private xmlns="http://www.netbeans.org/ns/project-private/1">
    <editor-bookmarks xmlns="http://www.netbeans.org/ns/editor-bookmarks/2" lastBookmarkId="0"/>
    <open-files xmlns="http://www.netbeans.org/ns/projectui-open-files/2">
        <group>
            <file>file:/N:/New%20folder%20(3)/221/assignment_4/src/input_1.txt</file>
            <file>file:/N:/New%20folder%20(3)/221/assignment_4/src/knapsack.java</file>
            <file>file:/N:/New%20folder%20(3)/221/assignment_4/src/problem2.java</file>
            <file>file:/N:/New%20folder%20(3)/221/assignment_4/src/input_2.txt</file>
            <file>file:/N:/New%20folder%20(3)/221/assignment_4/src/problem1.java</file>
        </group>
    </open-files>
</project-private>
